feature,importance,rank
bconly_True,8.36923889934032,1
nottobc_True,6.201134900319482,2
support_True,4.5215828778596405,3
exp_rope_235.0,4.509266844685311,4
peak_restrict_Peak entirely within China,4.3378627582753575,5
peak_pstatus_Unclimbed,4.245745672120526,6
exp_rope_2250.0,3.8011974220999343,7
exp_rope_6000.0,3.6975808614122587,8
peak_phost_China only,3.682327716741204,9
exp_rope_5500.0,3.112378835696905,10
exp_rope_1550.0,2.852232318565259,11
exp_rope_5700.0,2.8382779299447622,12
exp_rope_1127.0,2.6259669711100067,13
exp_rope_3400.0,2.4771652166706737,14
exp_rope_350.0,2.4207074663466788,15
exp_rope_5600.0,2.3770795326831777,16
exp_rope_3100.0,2.2241871934763906,17
exp_rope_130.0,2.205710623408711,18
exp_rope_3625.0,2.0771338843442813,19
exp_rope_1260.0,2.0444794253699214,20
exp_rope_1067.0,1.8952646018826673,21
exp_rope_3600.0,1.8882635059902015,22
exp_rope_1599.0,1.7802581771107469,23
exp_rope_457.0,1.7418608122951873,24
exp_rope_1010.0,1.6420962616773789,25
exp_rope_7900.0,1.5891345563798702,26
exp_rope_3200.0,1.5547449712364434,27
exp_rope_7500.0,1.5247161118109789,28
exp_rope_2900.0,1.4708775783075392,29
peak_restrict_Opened in 2014 (as Khang Karpo),1.4649657548698019,30
peak_restrict_Opened in 1997; converted to trekking peak in 2002,1.3798577804221488,31
peak_restrict_Converted to trekking peak in 2002,1.3782464363960918,32
exp_rope_45.0,1.3672521411138634,33
exp_rope_10.0,1.365476999749858,34
exp_rope_2200.0,1.3505317264400896,35
exp_rope_73.0,1.3383267626914195,36
exp_rope_650.0,1.318666624859193,37
peak_open_False,1.2922824343279666,38
exp_rope_4800.0,1.2705422865679878,39
exp_rope_420.0,1.2086912163989871,40
exp_rope_40.0,1.154258017394737,41
exp_rope_1450.0,1.15369783341394,42
exp_rope_3300.0,1.13787340194057,43
peak_restrict_One permit for Churen Himal's three summits,1.134536728337238,44
exp_rope_1700.0,1.131015266030266,45
exp_rope_4700.0,1.1177024150630892,46
exp_rope_7600.0,1.0927763014360168,47
exp_rope_4600.0,1.0339414569894652,48
exp_rope_110.0,1.0193352199865895,49
exp_rope_5400.0,1.0012160211466385,50
exp_rope_30.0,0.9987897849009667,51
exp_rope_113.0,0.9638150243570066,52
exp_rope_180.0,0.9591914387857903,53
exp_rope_1220.0,0.9399845383907758,54
exp_rope_3800.0,0.9317321749090939,55
exp_rope_120.0,0.9209836212354069,56
exp_rope_3.0,0.8996393621391775,57
exp_rope_1240.0,0.8823838295367359,58
peak_himal_Janak/Ohmi Kangri,0.8793080996419228,59
exp_rope_510.0,0.7749835013531368,60
peak_restrict_Opened in 2001,0.7650212006889866,61
peak_himal_Ganesh/Shringi,0.7606753476553745,62
exp_rope_1800.0,0.7503697496948503,63
exp_rope_280.0,0.7442632014175942,64
exp_rope_2100.0,0.742293710245977,65
exp_rope_1050.0,0.7274988464975369,66
exp_rope_4500.0,0.714008607861352,67
exp_rope_455.0,0.7055555165359331,68
exp_rope_1100.0,0.6950589092203742,69
peak_restrict_Requires permit for Annapurna I,0.691818355258556,70
exp_rope_1250.0,0.6888449596820453,71
age_out_of_range_flag_True,0.645686680544909,72
peak_restrict_Opened in 2003,0.6359330298053335,73
occupation_group_climber_alpinist,0.6184469607039235,74
exp_traverse_True,0.5852365009642831,75
tibetan_True,0.5787560707713358,76
peak_restrict_Opened in 2014,0.5759965991730377,77
peak_himal_Mukut/Mustang,0.5701076879787155,78
ref_pubyear_max,0.5601148851985069,79
exp_rope_3500.0,0.5581979479328468,80
peak_restrict_Opened in 2014 as Tenzing Peak,0.5371850418793302,81
exp_rope_2350.0,0.5314768236393752,82
exp_rope_7400.0,0.5239785676197803,83
ref_pubyear_min,0.52038937278653,84
exp_rope_2700.0,0.5160678382637138,85
exp_rope_3900.0,0.5135603935700204,86
peak_restrict_One permit for Kanjiroba's north and south summits,0.5104450352122504,87
exp_rope_7000.0,0.4971220680188617,88
exp_rope_2750.0,0.49649824650485186,89
exp_ski_True,0.4961554536454423,90
exp_rope_4300.0,0.4952231387146124,91
peak_himal_Damodar,0.49119357352383347,92
exp_rope_1750.0,0.4739865372810639,93
exp_rope_1150.0,0.4672890377244955,94
exp_rope_500.0,0.4196207435267213,95
exp_rope_75.0,0.4168325021097689,96
exp_rope_1200.0,0.4072874185076821,97
exp_rope_550.0,0.3905569481560686,98
peak_prev_summit_rate,0.38505476589159743,99
hired_True,0.38250337606936374,100
myear,0.38216814317380055,101
sherpa_False,0.3785227700810981,102
age_missing_flag_True,0.37432323772080184,103
occupation_group_guide_instructor,0.3665402678011982,104
exp_rope_140.0,0.36590506300442505,105
exp_camps,0.3617335455161559,106
exp_rope_700.0,0.3582038567962941,107
exp_rope_3700.0,0.34005506791771767,108
mseason_Winter,0.3248304614681984,109
peak_himal_Makalu,0.32407507622628157,110
exp_rope_50.0,0.3160617548965912,111
exp_rope_2300.0,0.3044167712026462,112
exp_rope_7800.0,0.30249967748879536,113
exp_rope_3375.0,0.29923822693680624,114
peak_heightm,0.28739496042374874,115
peak_himal_Nalakankar/Chandi/Changla,0.2821487660392186,116
exp_rope_8700.0,0.26878766850070274,117
exp_rope_450.0,0.268187219304014,118
peak_restrict_Opened in 2002,0.2660364005931093,119
age_clean,0.2654629404274462,120
exp_rope_4400.0,0.25932938398924055,121
sherpa_True,0.25560353870231045,122
exp_rope_250.0,0.2544773770873361,123
exp_rope_5000.0,0.25442904023856006,124
occupation_group_unknown,0.25183345819942765,125
peak_himal_Peri,0.23600352382454698,126
exp_rope_20.0,0.2288698253352561,127
peak_phost_Nepal only,0.22702416770504077,128
mseason_Spring,0.22681581163318693,129
peak_himal_Annapurna,0.2229284719677119,130
exp_rope_470.0,0.20457978522059064,131
exp_rope_600.0,0.19748658109661454,132
exp_rope_850.0,0.1925934892420951,133
exp_rope_6200.0,0.18591720385564225,134
leader_True,0.18589924322146253,135
occupation_group_media_photo,0.182824781912428,136
exp_rope_3000.0,0.18016335297445923,137
exp_host_India,0.17529447187399086,138
exp_rope_820.0,0.1736855552485677,139
exp_rope_2400.0,0.17239998386185854,140
exp_rope_900.0,0.17063510728225373,141
peak_himal_Api/Byas Risi/Guras,0.1683690232432104,142
occupation_group_doctor_health,0.16720995041550327,143
mseason_Summer,0.1648501811941505,144
peak_region_Kangchenjunga-Janak,0.16414174794108877,145
exp_rope_220.0,0.15486022254003776,146
peak_himal_Khumbu,0.14981729386409914,147
exp_rope_6700.0,0.14976695440960883,148
peak_phost_Nepal & India,0.14903551433148293,149
deputy_False,0.14803520712069615,150
peak_restrict_Requires permit for Jobo Rinjang,0.1448650958672406,151
occupation_group_military_police,0.14459403868836485,152
exp_rope_0.0,0.14273874470009826,153
exp_rope_300.0,0.14018120065144674,154
disabled_True,0.13977408212206907,155
peak_trekking_True,0.13605083801398457,156
exp_rope_70.0,0.1334409084182724,157
peak_himal_Jugal,0.1332160120045847,158
peak_restrict_Opened in 1997,0.13023213385472296,159
peak_himal_Kanjiroba,0.13021779687975243,160
exp_rope_6400.0,0.12695495570624932,161
exp_rope_1300.0,0.11879576156571467,162
peak_himal_Kanti/Palchung,0.1121134833599014,163
occupation_group_student,0.10873049359645438,164
sex_F,0.10730760241422307,165
exp_nohired_True,0.10527657071330475,166
exp_rope_100.0,0.10400877547987578,167
hired_False,0.1031144423563462,168
exp_rope_1000.0,0.10299728238871621,169
exp_rope_225.0,0.10135098637237586,170
exp_rope_800.0,0.08964326881382986,171
peak_restrict_Requires permit for Nuptse,0.08588188811452523,172
exp_tothired,0.08509504870445245,173
exp_rope_2800.0,0.08358680837503124,174
exp_parapente_True,0.0761386776168278,175
peak_himal_Saipal,0.07550107833915772,176
exp_rope_4575.0,0.07477422754797707,177
peak_restrict_Requires permit for Gimmigela Chuli,0.07280476810681286,178
exp_totmembers,0.07236232360242455,179
peak_open_True,0.071569334500498,180
exp_rope_1600.0,0.06684051143695734,181
exp_rope_400.0,0.0667604292349386,182
ref_n_unique_types,0.06134068618801981,183
occupation_group_other,0.06056008937322788,184
peak_himal_Rolwaling,0.05838086383051164,185
exp_rope_80.0,0.055733361531094955,186
leader_False,0.05243294215081393,187
exp_rope_6600.0,0.05141843096353251,188
occupation_group_scientist_academic,0.047636569726992255,189
peak_region_Manaslu-Ganesh,0.04704616595601794,190
occupation_group_engineer,0.04656304801083614,191
exp_rope_200.0,0.044201914027871,192
exp_rope_310.0,0.04316412198727821,193
peak_region_Annapurna-Damodar-Peri,0.042041496579003974,194
exp_rope_2000.0,0.041320752228368736,195
"peak_phost_Nepal, China & India",0.03857755211370226,196
ref_n_languages,0.037811284335414225,197
peak_himal_Dhaulagiri,0.03214621711387091,198
peak_trekking_False,0.028209878573457588,199
peak_himal_Kangchenjunga/Simhalila,0.027550613175555006,200
exp_rope_4000.0,0.02704869164526698,201
exp_traverse_False,0.025641524811880475,202
age_out_of_range_flag_False,0.02308872691986387,203
exp_ski_False,0.022887353224887177,204
exp_rope_8000.0,0.022401149566636698,205
peak_prev_death_rate,0.01962211533093217,206
disabled_False,0.015506026795172953,207
exp_rope_1400.0,0.012291950337467692,208
exp_rope_15.0,0.010353088720015403,209
tibetan_False,0.010255255455044158,210
ref_n_refs,0.010025972834376281,211
occupation_group_business_exec,0.007364977161931881,212
mseason_Autumn,0.006180392845685868,213
occupation_group_trades_manual,0.00558021226397724,214
support_False,0.005136353294419669,215
nottobc_False,0.004822010693970998,216
bconly_False,0.004819243572445047,217
occupation_missing_flag_True,0.0047503682566633525,218
peak_pstatus_Climbed,0.004476030430816921,219
deputy_True,0.004330793679802707,220
age_missing_flag_False,0.004117381336832177,221
sex_M,0.003702925030374472,222
exp_parapente_False,0.003599871591894744,223
exp_nohired_False,0.003547652906548379,224
exp_rope_2500.0,0.0033864562633394066,225
exp_host_China,0.0014831978889187636,226
exp_rope_5200.0,0.0,227
exp_rope_6900.0,0.0,228
exp_rope_7100.0,0.0,229
exp_rope_5550.0,0.0,230
peak_region_Dhaulagiri-Mukut,0.0,231
peak_restrict_Closed,0.0,232
peak_region_Kanjiroba-Far West,0.0,233
peak_region_Khumbu-Rolwaling-Makalu,0.0,234
peak_region_Langtang-Jugal,0.0,235
peak_restrict_Delisted in 2014,0.0,236
peak_restrict_Opened in 2002 as trekking peak,0.0,237
"peak_restrict_Opened in 2002, delisted in 2013?",0.0,238
peak_restrict_Opened in 2013?,0.0,239
exp_rope_25.0,0.0,240
exp_rope_1.0,0.0,241
exp_host_Nepal,0.0,242
exp_host_Unknown,0.0,243
peak_restrict_Requires Jannu permit,0.0,244
peak_restrict_Requires permit for Amphu I,0.0,245
peak_phost_India only,0.0,246
peak_phost_Nepal & China,0.0,247
peak_himal_Jongsang,0.0,248
exp_rope_60.0,0.0,249
peak_himal_Langtang,0.0,250
peak_himal_Manaslu/Mansiri,0.0,251
exp_rope_190.0,0.0,252
exp_rope_270.0,0.0,253
exp_rope_210.0,0.0,254
exp_rope_150.0,0.0,255
exp_rope_320.0,0.0,256
exp_rope_315.0,0.0,257
exp_rope_480.0,0.0,258
exp_rope_370.0,0.0,259
exp_rope_750.0,0.0,260
exp_rope_160.0,0.0,261
exp_rope_90.0,0.0,262
exp_rope_1950.0,0.0,263
exp_rope_3050.0,0.0,264
exp_rope_2950.0,0.0,265
exp_rope_2600.0,0.0,266
exp_rope_2050.0,0.0,267
exp_rope_1500.0,0.0,268
exp_rope_1900.0,0.0,269
exp_rope_4240.0,0.0,270
occupation_missing_flag_False,0.0,271
